{
  "widgetId": "widget_x",
  "config": {
    "layouts": {
      "layout_3": {
        "type": "FIXED",
        "content": {
          "0": {
            "type": "WIDGET",
            "bbox": {
              "top": 0,
              "width": "100.0000%",
              "height": "50.00%",
              "left": 0,
              "right": "0.0000%",
              "bottom": "30.3226%"
            },
            "widgetId": "widget_2",
            "setting": {
              "vCenter": false,
              "hCenter": false,
              "autoProps": {
                "right": true,
                "left": false,
                "top": false,
                "bottom": true
              }
            },
            "isPending": false
          },
          "3": {
            "type": "WIDGET",
            "bbox": {
              "left": "5%",
              "top": "53.3030%",
              "width": "90%",
              "height": "34px",
              "right": "5.0360%",
              "bottom": "38.2512%"
            },
            "widgetId": "widget_3",
            "setting": {
              "autoProps": {
                "width": "CUSTOM",
                "height": true,
                "right": true,
                "bottom": false,
                "left": false,
                "top": true
              },
              "vCenter": false,
              "hCenter": false,
              "order": 0,
              "lockLayout": false
            },
            "isPending": false
          },
          "4": {
            "type": "WIDGET",
            "bbox": {
              "left": "5%",
              "top": "62.6597%",
              "width": "90%",
              "height": "6.7839%",
              "right": "5%",
              "bottom": "30.5590%"
            },
            "widgetId": "widget_4",
            "setting": {
              "autoProps": {
                "left": false,
                "right": true,
                "bottom": false,
                "top": true
              },
              "order": 0,
              "lockLayout": false,
              "vCenter": false,
              "hCenter": false
            },
            "isPending": false
          },
          "5": {
            "type": "WIDGET",
            "bbox": {
              "left": "5.00%",
              "top": 354,
              "width": "25.5034%",
              "height": "32px",
              "right": 188,
              "bottom": "3.00%"
            },
            "widgetId": "widget_5",
            "setting": {
              "autoProps": {
                "left": false,
                "right": true,
                "bottom": false,
                "top": true
              },
              "order": 0,
              "lockLayout": false,
              "vCenter": false,
              "hCenter": false
            },
            "isPending": false
          },
          "6": {
            "type": "WIDGET",
            "bbox": {
              "left": "60.4317%",
              "top": "89.0494%",
              "width": 32,
              "height": 32,
              "right": "28.0576%",
              "bottom": "3.00%"
            },
            "widgetId": "widget_6",
            "setting": {
              "autoProps": {
                "right": false,
                "left": true,
                "bottom": false,
                "top": true
              },
              "order": 0,
              "lockLayout": false,
              "vCenter": false,
              "hCenter": false
            },
            "isPending": false
          },
          "7": {
            "type": "WIDGET",
            "bbox": {
              "left": "71.9387%",
              "top": "89.0494%",
              "width": 32,
              "height": 32,
              "right": "16.5505%",
              "bottom": "3.00%"
            },
            "widgetId": "widget_7",
            "setting": {
              "autoProps": {
                "right": false,
                "left": true,
                "bottom": false,
                "top": true
              },
              "order": 0,
              "lockLayout": false,
              "vCenter": false,
              "hCenter": false
            },
            "isPending": false
          },
          "8": {
            "type": "WIDGET",
            "bbox": {
              "left": "5.0360%",
              "right": "5.0360%",
              "top": "69.4423%",
              "bottom": "23.5226%",
              "width": "89.9281%",
              "height": 28
            },
            "widgetId": "widget_8",
            "setting": {
              "vCenter": false,
              "hCenter": false
            },
            "isPending": false
          },
          "9": {
            "type": "WIDGET",
            "bbox": {
              "left": "5.00%",
              "right": 14,
              "top": "76.3845%",
              "bottom": "15.8291%",
              "width": "90.00%",
              "height": "7.7889%"
            },
            "widgetId": "widget_9",
            "setting": {
              "vCenter": false,
              "hCenter": false
            },
            "isPending": false
          },
          "10": {
            "type": "WIDGET",
            "bbox": {
              "left": "5.00%",
              "right": 14,
              "top": "84.1709%",
              "bottom": "11.0553%",
              "width": "90.00%",
              "height": "4.7739%"
            },
            "widgetId": "widget_10",
            "setting": {
              "vCenter": false,
              "hCenter": false
            },
            "isPending": false
          },
          "11": {
            "type": "WIDGET",
            "bbox": {
              "left": "84.2229%",
              "right": "5.0388%",
              "top": "87.4690%",
              "bottom": "3.00%",
              "width": 32,
              "height": 32
            },
            "widgetId": "widget_11",
            "setting": {
              "vCenter": false,
              "hCenter": false,
              "autoProps": {
                "right": false,
                "left": true,
                "bottom": false,
                "top": true
              }
            },
            "isPending": false
          },
          "12": {
            "type": "WIDGET",
            "setting": {
              "style": {},
              "autoProps": {
                "right": false,
                "left": true,
                "bottom": false,
                "top": true
              }
            },
            "bbox": {
              "left": "48.9209%",
              "right": "39.5683%",
              "top": "88.9447%",
              "bottom": "3.00%",
              "width": "32.00px",
              "height": "32px"
            },
            "widgetId": "widget_12"
          }
        },
        "order": [
          "0",
          "3",
          "4",
          "5",
          "8",
          "9",
          "10",
          "12",
          "6",
          "7",
          "11"
        ],
        "label": "Default"
      }
    },
    "widgets": {
      "widget_x": {
        "config": {
          "DEFAULT": {
            "enable": true,
            "backgroundStyle": {
              "border": {
                "type": "solid",
                "color": "var(--light-400)",
                "width": "1px"
              }
            }
          },
          "HOVER": {
            "enable": false,
            "backgroundStyle": {
              "border": {
                "type": "solid",
                "color": "var(--light-400)",
                "width": "1px"
              },
              "boxShadow": {
                "offsetX": "0",
                "offsetY": "0",
                "blur": "0",
                "spread": "0",
                "color": "var(--dark-100)"
              }
            }
          },
          "itemStyle": "STYLE1",
          "direction": "Horizontal",
          "isItemStyleConfirm": false,
          "isInitialed": true,
          "isOpenAdvabceSetting": false,
          "transitionInfo": {
            "transition": {
              "type": "None",
              "direction": "H"
            },
            "oneByOneEffect": null
          }
        },
        "layouts": {
          "DEFAULT": {
            "LARGE": "layout_3"
          }
        }
      },
      "widget_2": {
        "uri": "widgets/common/image/",
        "version": "1.16.0",
        "label": "Image 1",
        "config": {
          "functionConfig": {
            "altText": "",
            "toolTip": "",
            "linkParam": {},
            "scale": "Fit",
            "imageParam": {}
          },
          "styleConfig": {}
        },
        "id": "widget_2"
      },
      "widget_3": {
        "uri": "widgets/common/text/",
        "version": "1.16.0",
        "label": "Text 1",
        "config": {
          "text": "",
          "placeholder": "<p><span style=\"font-size: 20px; color: var(--dark-800);\">${cardTemplateTitle}</span></p>",
          "style": {
            "verticalAlign": "start",
            "wrap": true
          },
          "tooltip": {
            "name": "",
            "parts": [
              {
                "type": "STRING",
                "exp": "\"\""
              }
            ]
          }
        },
        "id": "widget_3"
      },
      "widget_4": {
        "uri": "widgets/common/text/",
        "version": "1.16.0",
        "label": "Text 2",
        "config": {
          "text": "",
          "placeholder": "<p><span style=\"font-size: 14px; color: var(--dark-800);\">${createdBy}:</span></p>",
          "style": {
            "verticalAlign": "start",
            "wrap": true
          }
        },
        "id": "widget_4"
      },
      "widget_5": {
        "uri": "widgets/common/button/",
        "version": "1.16.0",
        "label": "Button 1",
        "config": {
          "functionConfig": {},
          "styleConfig": {
            "themeStyle": {
              "quickStyleType": "primary"
            },
            "useCustom": false,
            "customStyle": {
              "regular": {
                "iconProps": {
                  "color": "var(--white)",
                  "size": 16
                }
              },
              "hover": {
                "iconProps": {
                  "size": 16
                }
              }
            }
          }
        },
        "id": "widget_5"
      },
      "widget_6": {
        "uri": "widgets/common/button/",
        "version": "1.16.0",
        "label": "Button 2",
        "config": {
          "functionConfig": {
            "text": "",
            "textExpression": null,
            "icon": {
              "data": {
                "svg": "<svg xmlns=\"http://www.w3.org/2000/svg\" fill=\"none\" viewBox=\"0 0 16 16\"><path fill=\"#000\" fill-rule=\"evenodd\" d=\"M10.373 5.57 8 .5 5.625 5.57 0 6.23l4.158 3.792L3.056 15.5 8 12.773l4.944 2.727-1.103-5.478L16 6.229l-5.627-.66ZM8 2.857l1.705 3.641 4.002.469-2.957 2.697.788 3.918L8 11.631l-3.539 1.951.79-3.918-2.959-2.697 4.002-.469L8 2.857Z\" clip-rule=\"evenodd\"></path></svg>",
                "properties": {
                  "filename":"Star 2",
                  "color":"var(--dark-800)",
                  "originalName":"outlined/application/star.svg",
                  "path":["general","star2"],
                  "isUploaded":false,
                  "inlineSvg":true
                }
              },
              "position": "LEFT"
            }
          },
          "styleConfig": {
            "useCustom": true,
            "customStyle": {
              "hover": {
                "background": {
                  "color": "rgba(0,0,0,0)",
                  "fillType": "fill"
                },
                "border": {
                  "type": "solid",
                  "width": {
                    "unit": "px"
                  }
                },
                "text": {
                  "size": "16px"
                },
                "borderRadius": {
                  "unit": "px",
                  "number": [
                    2,
                    2,
                    2,
                    2
                  ]
                },
                "iconProps": {
                  "color": "var(--dark-900)",
                  "size": 16
                }
              },
              "regular": {
                "background": {
                  "color": "rgba(0,0,0,0)",
                  "fillType": "fill"
                },
                "border": {
                  "type": "solid",
                  "color": "var(--light-400)",
                  "width": {
                    "distance": 0,
                    "unit": "px"
                  }
                },
                "text": {
                  "color": "var(--black)",
                  "size": "16px"
                },
                "borderRadius": {
                  "unit": "px",
                  "number": [
                    2,
                    2,
                    2,
                    2
                  ]
                },
                "iconProps": {
                  "color": "var(--dark-300)",
                  "size": 16
                }
              }
            }
          }
        },
        "id": "widget_6"
      },
      "widget_7": {
        "uri": "widgets/common/button/",
        "version": "1.16.0",
        "label": "Button 3",
        "config": {
          "functionConfig": {
            "text": "",
            "textExpression": null,
            "icon": {
              "data": {
                "svg": "<svg width=\"16px\" height=\"16px\" viewBox=\"0 0 16 16\"  xmlns=\"http://www.w3.org/2000/svg\" xmlns:xlink=\"http://www.w3.org/1999/xlink\"><g id=\"Style\" stroke=\"none\" stroke-width=\"1\" fill=\"none\" fill-rule=\"evenodd\"><g id=\"0-UI-icons\" transform=\"translate(-244.000000, -245.000000)\" fill=\"var(--black)000\" fill-rule=\"nonzero\"><path d=\"M252,260 C255.865993,260 259,256.865993 259,253 C259,249.134007 255.865993,246 252,246 C248.134007,246 245,249.134007 245,253 C245,256.865993 248.134007,260 252,260 Z M252,261 C247.581722,261 244,257.418278 244,253 C244,248.581722 247.581722,245 252,245 C256.418278,245 260,248.581722 260,253 C260,257.418278 256.418278,261 252,261 Z M254.544453,252.999962 L250.455473,249.985987 L250.455473,256.013937 L254.544453,252.999962 Z M255.09981,253.802292 L251.01083,256.816267 C250.581429,257.132778 249.984688,257.030145 249.677973,256.58703 C249.562223,256.419806 249.5,256.219439 249.5,256.013937 L249.5,249.985987 C249.5,249.441441 249.92778,249 250.455473,249 C250.654615,249 250.848781,249.064211 251.01083,249.183656 L255.09981,252.197631 C255.529212,252.514142 255.628669,253.12994 255.321953,253.573055 C255.260669,253.661592 255.185607,253.739051 255.09981,253.802292 Z\" id=\"app-launch\"></path></g></g></svg>",
                "properties": {
                  "filename": ""
                }
              },
              "position": "LEFT"
            },
            "customIcons": [
              {
                "svg": "<svg width=\"16px\" height=\"16px\" viewBox=\"0 0 16 16\"  xmlns=\"http://www.w3.org/2000/svg\" xmlns:xlink=\"http://www.w3.org/1999/xlink\"><g id=\"Style\" stroke=\"none\" stroke-width=\"1\" fill=\"none\" fill-rule=\"evenodd\"><g id=\"0-UI-icons\" transform=\"translate(-244.000000, -245.000000)\" fill=\"var(--black)000\" fill-rule=\"nonzero\"><path d=\"M252,260 C255.865993,260 259,256.865993 259,253 C259,249.134007 255.865993,246 252,246 C248.134007,246 245,249.134007 245,253 C245,256.865993 248.134007,260 252,260 Z M252,261 C247.581722,261 244,257.418278 244,253 C244,248.581722 247.581722,245 252,245 C256.418278,245 260,248.581722 260,253 C260,257.418278 256.418278,261 252,261 Z M254.544453,252.999962 L250.455473,249.985987 L250.455473,256.013937 L254.544453,252.999962 Z M255.09981,253.802292 L251.01083,256.816267 C250.581429,257.132778 249.984688,257.030145 249.677973,256.58703 C249.562223,256.419806 249.5,256.219439 249.5,256.013937 L249.5,249.985987 C249.5,249.441441 249.92778,249 250.455473,249 C250.654615,249 250.848781,249.064211 251.01083,249.183656 L255.09981,252.197631 C255.529212,252.514142 255.628669,253.12994 255.321953,253.573055 C255.260669,253.661592 255.185607,253.739051 255.09981,253.802292 Z\" id=\"app-launch\"></path></g></g></svg>",
                "properties": {
                  "filename": ""
                }
              }
            ]
          },
          "styleConfig": {
            "useCustom": true,
            "customStyle": {
              "hover": {
                "background": {
                  "color": "",
                  "fillType": "fill"
                },
                "border": {
                  "type": "solid",
                  "width": {
                    "unit": "px"
                  }
                },
                "text": {
                  "size": "16px"
                },
                "borderRadius": {
                  "unit": "px",
                  "number": [
                    2,
                    2,
                    2,
                    2
                  ]
                },
                "iconProps": {
                  "color": "var(--dark-900)",
                  "size": 16
                }
              },
              "regular": {
                "background": {
                  "color": "rgba(0,0,0,0)",
                  "fillType": "fill"
                },
                "border": {
                  "type": "solid",
                  "color": "var(--light-400)",
                  "width": {
                    "distance": 0,
                    "unit": "px"
                  }
                },
                "text": {
                  "color": "var(--black)",
                  "size": "16px"
                },
                "borderRadius": {
                  "unit": "px",
                  "number": [
                    2,
                    2,
                    2,
                    2
                  ]
                },
                "iconProps": {
                  "color": "var(--dark-400)",
                  "size": 16
                }
              }
            }
          }
        },
        "id": "widget_7"
      },
      "widget_8": {
        "uri": "widgets/common/text/",
        "version": "1.16.0",
        "label": "Text 3",
        "config": {
          "text": "",
          "placeholder": "<p><span style=\"color: var(--dark-800);\">${createdDate}: ${createdDateTime}</span></p>",
          "style": {
            "verticalAlign": "start",
            "wrap": true
          }
        },
        "id": "widget_8"
      },
      "widget_9": {
        "uri": "widgets/common/text/",
        "version": "1.16.0",
        "label": "Text 4",
        "config": {
          "text": "",
          "placeholder": "<p><span style=\"color: var(--dark-800);\">${viewsNumber}: 123</span></p>",
          "style": {
            "verticalAlign": "start",
            "wrap": true
          }
        },
        "id": "widget_9"
      },
      "widget_10": {
        "uri": "widgets/common/divider/",
        "version": "1.16.0",
        "label": "Divider 1",
        "config": {
          "direction": "Horizontal",
          "strokeStyle": {
            "type": "Style0",
            "color": "var(--secondary-200)",
            "size": "1px"
          },
          "pointStart": {
            "pointStyle": "None",
            "pointSize": 2
          },
          "pointEnd": {
            "pointStyle": "None",
            "pointSize": 2
          },
          "themeStyle": {
            "quickStyleType": "None"
          }
        },
        "id": "widget_10"
      },
      "widget_11": {
        "uri": "widgets/common/button/",
        "version": "1.16.0",
        "label": "Button 4",
        "config": {
          "functionConfig": {
            "text": "",
            "textExpression": null,
            "icon": {
              "data": {
                "svg": "<svg xmlns=\"http://www.w3.org/2000/svg\" width=\"32\" height=\"11\" viewBox=\"0 0 32 11\"><path d=\"M4 8.5c-1.7 0-3-1.3-3-3s1.3-3 3-3s3 1.3 3 3S5.7 8.5 4 8.5z M16 8.5c-1.7 0-3-1.3-3-3s1.3-3 3-3s3 1.3 3 3S17.7 8.5 16 8.5z M28 8.5c-1.7 0-3-1.3-3-3s1.3-3 3-3s3 1.3 3 3S29.7 8.5 28 8.5z\"/></svg>",
                "properties": {
                  "filename": ""
                }
              },
              "position": "LEFT"
            },
            "customIcons": [
              {
                "svg": "<svg xmlns=\"http://www.w3.org/2000/svg\" width=\"32\" height=\"11\" viewBox=\"0 0 32 11\"><path d=\"M4 8.5c-1.7 0-3-1.3-3-3s1.3-3 3-3s3 1.3 3 3S5.7 8.5 4 8.5z M16 8.5c-1.7 0-3-1.3-3-3s1.3-3 3-3s3 1.3 3 3S17.7 8.5 16 8.5z M28 8.5c-1.7 0-3-1.3-3-3s1.3-3 3-3s3 1.3 3 3S29.7 8.5 28 8.5z\"/></svg>",
                "properties": {
                  "filename": ""
                }
              }
            ]
          },
          "styleConfig": {
            "useCustom": true,
            "customStyle": {
              "hover": {
                "background": {
                  "color": "rgba(0,0,0,0)",
                  "fillType": "fill"
                },
                "border": {
                  "type": "solid",
                  "width": "undefinedpx"
                },
                "text": {
                  "size": "14px"
                },
                "borderRadius": {
                  "unit": "px",
                  "number": [
                    2,
                    2,
                    2,
                    2
                  ]
                },
                "iconProps": {
                  "color": "var(--dark-900)",
                  "size": 14
                }
              },
              "regular": {
                "background": {
                  "color": "rgba(0,0,0,0)",
                  "fillType": "fill"
                },
                "border": {
                  "type": "solid",
                  "color": "var(--light-400)",
                  "width": "0px"
                },
                "text": {
                  "color": "var(--dark-800)",
                  "size": "14px"
                },
                "borderRadius": {
                  "unit": "px",
                  "number": [
                    2,
                    2,
                    2,
                    2
                  ]
                },
                "iconProps": {
                  "color": "var(--dark-400)",
                  "size": 16
                }
              }
            }
          }
        },
        "id": "widget_11"
      },
      "widget_12": {
        "uri": "widgets/common/button/",
        "version": "1.16.0",
        "label": "Button 5",
        "config": {
          "functionConfig": {
            "text": "",
            "textExpression": null,
            "icon": {
              "data": {
                "svg": "<svg viewBox= \"0 0 16 16 \" xmlns= \"http://www.w3.org/2000/svg \"><path d= \"M8 7a3 3 0 100-6 3 3 0 000 6zm0 1a4 4 0 110-8 4 4 0 010 8zm1 2H7a6.002 6.002 0 00-5.917 5h13.834A6.002 6.002 0 009 10zM7 9h2a7 7 0 017 7H0a7 7 0 017-7zm.646 3.721l1.768-1.767a.5.5 0 11.707.707l-2.475 2.475-1.767-1.768a.5.5 0 01.707-.707l1.06 1.06z \" fill= \"currentColor \" fill-rule= \"nonzero \"></path></svg>",
                "properties": {
                  "filename": ""
                }
              },
              "position": "LEFT"
            },
            "customIcons": [
              {
                "svg": "<svg viewBox= \"0 0 16 16 \" xmlns= \"http://www.w3.org/2000/svg \"><path d= \"M8 7a3 3 0 100-6 3 3 0 000 6zm0 1a4 4 0 110-8 4 4 0 010 8zm1 2H7a6.002 6.002 0 00-5.917 5h13.834A6.002 6.002 0 009 10zM7 9h2a7 7 0 017 7H0a7 7 0 017-7zm.646 3.721l1.768-1.767a.5.5 0 11.707.707l-2.475 2.475-1.767-1.768a.5.5 0 01.707-.707l1.06 1.06z \" fill= \"currentColor \" fill-rule= \"nonzero \"></path></svg>",
                "properties": {
                  "filename": ""
                }
              }
            ]
          },
          "styleConfig": {
            "useCustom": true,
            "customStyle": {
              "hover": {
                "background": {
                  "color": "rgba(0,0,0,0)",
                  "fillType": "fill"
                },
                "border": {
                  "type": "solid",
                  "width": {
                    "unit": "px"
                  }
                },
                "text": {
                  "size": "16px"
                },
                "borderRadius": {
                  "unit": "px",
                  "number": [
                    2,
                    2,
                    2,
                    2
                  ]
                },
                "iconProps": {
                  "color": "var(--dark-900)",
                  "size": 16
                }
              },
              "regular": {
                "background": {
                  "color": "rgba(0,0,0,0)",
                  "fillType": "fill"
                },
                "border": {
                  "type": "solid",
                  "color": "var(--light-400)",
                  "width": {
                    "distance": 0,
                    "unit": "px"
                  }
                },
                "text": {
                  "color": "var(--black)",
                  "size": "16px"
                },
                "borderRadius": {
                  "unit": "px",
                  "number": [
                    2,
                    2,
                    2,
                    2
                  ]
                },
                "iconProps": {
                  "color": "var(--dark-300)",
                  "size": 16
                }
              }
            }
          }
        },
        "id": "widget_12"
      }
    },
    "views": {},
    "sections": {}
  }
}