{
  "version": "16.1.1",
  "id": "scatter",
  "type": "chart",
  "dataSource": {
    "query": {
      "outFields": []
    }
  },
  "colorMatch": true,
  "series": [
    {
      "type": "scatterSeries",
      "dataTooltipVisible": true,
      "markerSymbol": {
        "type": "esriSMS",
        "style": "esriSMSCircle",
        "color": "#5E8FD0",
        "size": 7,
        "outline": {
          "type": "esriSLS",
          "style": "esriSLSSolid",
          "color": "rgba(255,255,255,0.5)",
          "width": 1
        }
      },
      "overlays": {
        "type": "chartOverlays",
        "trendLine": {
          "type": "chartOverlay",
          "created": true,
          "visible": true,
          "symbol": {
            "type": "esriSLS",
            "style": "esriSLSSolid",
            "color": "#DF6B35",
            "width": 3
          }
        }
      }
    }
  ],
  "axes": [
    {
      "type": "chartAxis",
      "visible": true,
      "isLogarithmic": false,
      "title": {
        "type": "chartText",
        "visible": false,
        "content": {
          "type": "esriTS",
          "color": "var(--dark-800)",
          "font": {
            "family": "Avenir Next",
            "size": 14,
            "style": "normal",
            "weight": "normal",
            "decoration": "none"
          },
          "horizontalAlignment": "center",
          "verticalAlignment": "middle"
        }
      },
      "labels": {
        "type": "chartText",
        "visible": true,
        "content": {
          "type": "esriTS",
          "color": "var(--dark-500)",
          "font": {
            "family": "Avenir Next",
            "size": 12,
            "style": "normal",
            "weight": "normal",
            "decoration": "none"
          },
          "horizontalAlignment": "center",
          "verticalAlignment": "middle"
        }
      },
      "valueFormat": {
        "type": "number",
        "intlOptions": {
          "style": "decimal",
          "notation": "standard",
          "minimumFractionDigits": 0,
          "maximumFractionDigits": 0
        }
      },
      "lineSymbol": {
        "type": "esriSLS",
        "style": "esriSLSSolid",
        "color": "var(--light-800)",
        "width": 1
      }
    },
    {
      "type": "chartAxis",
      "visible": true,
      "isLogarithmic": false,
      "title": {
        "type": "chartText",
        "visible": false,
        "content": {
          "type": "esriTS",
          "color": "var(--dark-800)",
          "font": {
            "family": "Avenir Next",
            "size": 14,
            "style": "normal",
            "weight": "normal",
            "decoration": "none"
          },
          "horizontalAlignment": "center",
          "verticalAlignment": "middle"
        }
      },
      "labels": {
        "type": "chartText",
        "visible": true,
        "content": {
          "type": "esriTS",
          "color": "var(--dark-500)",
          "font": {
            "family": "Avenir Next",
            "size": 12,
            "style": "normal",
            "weight": "normal",
            "decoration": "none"
          },
          "horizontalAlignment": "center",
          "verticalAlignment": "middle"
        }
      },
      "valueFormat": {
        "type": "number",
        "intlOptions": {
          "style": "decimal",
          "notation": "standard",
          "minimumFractionDigits": 0,
          "maximumFractionDigits": 0
        }
      },
      "lineSymbol": {
        "type": "esriSLS",
        "style": "esriSLSSolid",
        "color": "var(--light-800)",
        "width": 1
      }
    }
  ]
}